M_a (kilograms,M_h (kilograms),M_H (kilograms),M_H g (Newtons),x_1 (meters),x_2 (meters),x_average (meters),k (Newtons/meter)
0.025,0.005,0.03,0.294,0.21,0.19,0.105,2.8
0.03,0.005,0.035,0.343,0.31,0.28,0.205,1.673170732
0.035,0.005,0.04,0.392,0.41,0.39,0.305,1.285245902
0.04,0.005,0.045,0.441,0.51,0.50,0.405,1.088888889
0.045,0.005,0.05,0.49,0.61,0.59,0.505,0.9702970297
0.05,0.005,0.055,0.539,0.71,0.70,0.605,0.8909090909
M_Unknown,0.005,,,0.5,0.49,0.495,
